repository,benchmark_id,mode,passed_specs,total_specs,full_repository,authority,artifact_sha256,official_report_sha256,plan_root,receipt_root
"arithmetic","arithmetic-v2","proof",191,191,true,"SIGNED_SOFTWARE_PLAN_BUILD_THEN_UNTOUCHED_VERO","b8db89199c854c2b1c05443166048d916164dce1accff6eb4f75862b1345a821","ed9754bab1af77a02f5041a7e6e3cfbd405d210594d2bac199ce1b00c11a34ac","e248263a51c4514af302554e2940af3673059c6ea71d6e1aa258c02ed03ccb47","848db71729a383becce89fa4c17a9da7a85668ab5c580020b7de74b8ce4bc12f"
"base58","base58","proof",53,53,true,"SIGNED_SOFTWARE_PLAN_BUILD_THEN_UNTOUCHED_VERO","c96fceb9dbe278b0b25f5f72a0c3d0ae03bba3854b0216a3481067261d4029bb","8348695ad8354c265c69247212dec5e364d12fa7872044b4fb45d8de05e583d6","034a333d1c11f0c67ccc95b71154d83316e3b955a38382354d6d30da6dc3ef96","c97d57d1021605db2ab07c457b42432d0a1d87de61f7b30d59bb4f93b528a53b"
"cachetools","cachetools","proof",74,74,true,"SIGNED_SOFTWARE_PLAN_BUILD_THEN_UNTOUCHED_VERO","67a0699a6bafe63083bf2137a353d50cf2443b2c35f97ee0f9a8e8caa5377dda","9d59bcceb813609894248b83dea0e8f81a6377319867472c354b2c3a68ca94d8","73028bc2f4a4edc1363ee02d9964e9c1f6ccaf2d7b34edc75bac722774fdca6f","8ffa7a19e714dd0e7416921ba1c0e338cf775628b2823fa39decfa57566320c7"
"croniter","croniter","proof",55,55,true,"SIGNED_SOFTWARE_PLAN_BUILD_THEN_UNTOUCHED_VERO","64609149109dd44067d6d357f9cbafc49629b0615bf91b73e44e67286b9d4e16","d245a70f471d02582f198f8713764efbe7dcd20e311f10640974f06a92b62b2b","2b873af41d0ed179816d3f2134f01971fc8ef31eb939bf6576646f85ae989ce6","f78fe48d3c9005b379d7342093609798bbd61221d3e47eec5365af3f1b200f64"
"dedekind_reals","dedekind-reals","proof",0,82,false,"PINNED_UNTOUCHED_VERO_REPORT","c85fecfc8077e38f8ae0f137327b50affe94dc5d57906a42c412afb3f677b947","6ac7c024752a8cb11d4b197b1c2181bd995a4f92bf79e644f19fc3eb1b827fd3","",""
"deposit_sc","deposit_sc","proof",79,79,true,"SIGNED_SOFTWARE_PLAN_BUILD_THEN_UNTOUCHED_VERO","69249554671afe4050c493930a0b9556ca62bc90a456a2401d483c66ae437a0e","27fa44afff145d9a8e398350ea59e80fbf28fa0c3343706a6a01037dd79bcb74","4f06bb759e55fd73fa3b20c13968a79994e9d6f6654c93af63cf88aa1b89b090","81839529dc0b0a65e4ae3abb660d09976a83bd3c6d253b07b27629ed1ba83469"
"difflib","difflib","proof",49,49,true,"SIGNED_SOFTWARE_PLAN_BUILD_THEN_UNTOUCHED_VERO","e66d7b4c154409a01fc916fe07494d015203de2479ce0cdb52fa100d2a043152","16e9196688b78d4678ff0095bcaafe590069720d38f76c36514eaf74566701dd","b6d52a3c16e0580289658bd5d5ead08c4e11b29f4f4742435ecc0d587e914351","e524b3c96b9383830e49da1fcd343e2c50e100ffd5ace49d517cd043652c6d84"
"dijkstar","dijkstar","proof",43,43,true,"SIGNED_SOFTWARE_PLAN_BUILD_THEN_UNTOUCHED_VERO","2d47a8b3b325b9f01ca08c9d8b35e6ee9dc571cbc757109b187d35606f24303e","a208256809e1e8e0d3685875fbabbfdcc340816c6bddbd04c1c5f21a4f057bb4","ab2df23b98775fe65d630cf2144257c4395e31ad5052f1c2419f7e8f84c1fb96","d28b68f6d711e8c8ae6572c504b3200e6f12b93221b1cfd6375b9457d0f5107d"
"ecdsa","ecdsa","proof",48,48,true,"SIGNED_SOFTWARE_PLAN_BUILD_THEN_UNTOUCHED_VERO","76eed408dfa8f236677f1e3a704281306e32cabf07a78cc768cba97055b19b93","327d6d1f4e1254d438ad6ecdcfcba1b74242bf9170a57175f31afc279cbb6eb8","4a9e0e1d0bd71891b3126a804a4eb09532469d14162e10a3ec1a955a63ac0bcf","c3b5be43332beaa8cd89ea3ec510c1acc8e75fd9072e285484c3ba9e786e621f"
"flocq","flocq","proof",189,203,false,"SIGNED_SOFTWARE_PLAN_BUILD_THEN_UNTOUCHED_VERO","01fe9f1723002d4a568318dfc442402497ff0a2f74fdb0e021460717e8474b06","a1a79d97b77ba2607ac79c833162be771e7756e514bdeed03188f09a82520a84","132e879373712d86d3b6c2a81d3625d8b2d71d9a486f8bdceb6e491193531788","804b477e290562e1ce4345fc3ddb283040cda6f30026c2d410cb5f67ebcb0bf7"
"galoistools","galoistools","codeproof",48,48,true,"SIGNED_SOFTWARE_PLAN_BUILD_THEN_UNTOUCHED_VERO","bd1b04cd9cef11dc9bff8871a81748cfc9c059bd2f5fb3ed8eb123a577d223db","e7e9b11f1938f39b83c319caf42d441701a56d807f54b52b446be4c900eebd2a","684120ca54c932abba7e0bf77765a7f28043f0d3ec26b0cde5c93c37d399d02c","1ca8f88beee7c74577e1f21ff5641058cf472f2baa78696742f58fe984355fbf"
"greenery","greenery","codeproof",26,26,true,"SIGNED_SOFTWARE_PLAN_BUILD_THEN_UNTOUCHED_VERO","2f71b574c1c8cbca2e15254a936f9238e74fa08300a0cbb177070b5dcb25260a","f92d010abd0193f51eefb2fc045fc7c24875023b1e8fd8c41544da97c58239d8","04ae339a5be207b1a7dcb596a10642425a57ca4f3b86c8a3acf2ac3dd097f41f","779fe4a59c0c06afc95e6529698cc06607d88920391a7fc182b17dafb7cf5a2d"
"huffman","huffman","proof",127,127,true,"SIGNED_SOFTWARE_PLAN_BUILD_THEN_UNTOUCHED_VERO","86e7f70dae49454589096195ce32d8a57db35d34cabe04a25423b0df4b4acfe5","aec41dae816db7b95a3da5acbc537e8587fc9235e66bacf70a4b8a5f33574631","0a68d62ec31cd8b289968f7a42fd208191bda02e636293825a8c5cb4b36eaf96","a3eaec88a6c55a01bb04b570f5af188df24072c4c715cc269a97860ed18e3525"
"intervaltree","intervaltree","proof",56,56,true,"SIGNED_SOFTWARE_PLAN_BUILD_THEN_UNTOUCHED_VERO","57815ae3177e4227eb5ade8d1298fe5f88578b3fb218c176b463cebd6134f79c","9cffcb92fa0f6c98dd3ced31d2cde7aa620d3d0c4d97125c323ab605679c3250","b5242762d21c998cafa793e7a5e42782a4dd57d3f8bf68cbf987e64ea47a3379","f1d039a393ef3b8faff9cc19cd543acecf38f2c2c3d182be4ed35cd7c51ced80"
"ipaddress","ipaddress","proof",68,68,true,"SIGNED_SOFTWARE_PLAN_BUILD_THEN_UNTOUCHED_VERO","6a0d1c19aa369e4331b4a820d6f753ac3189f097475b18f5967834e42af1336f","91e6ae991ccd718485c4d476590e917c2081ded5bf36646d7cbeeba97401fe1c","72fec53153bd26f931ce4d24cdcfa5e51454abd4ba5b29284725086209ac89be","8e19fbd2ab771003f6217a1d61c4d329bc2e9c88b6e44f84c873ada20d3a8e77"
"json","json-v2","proof",64,64,true,"SIGNED_SOFTWARE_PLAN_BUILD_THEN_UNTOUCHED_VERO","3f6f37ef3de1f5f82eae515f045ff8476e3347325f8c9860b277f70f05b55742","680984aae8381a059ff08bdf68df8665df156169c0864ef7fd07bcf12239a3f2","95a1aea8283c7fcfeb7b54fce991b4bc87db730b9ca99040125741672de77298","afc226c05beea0621b7295ed3c022cd9dcb1ff8ed8bfe50bb45a606ec83d0559"
"jsonpatch","jsonpatch","proof",27,27,true,"SIGNED_SOFTWARE_PLAN_BUILD_THEN_UNTOUCHED_VERO","20b3d45340879d9410422da4855f5b1a344219f324381a285d8fe7cd3abf1b48","0b5ff96c0ce57f0d20f0c327fdfaae7a962150c1f1cce9e825161d2f255c0974","a3e0f040ed2d0558d4868bcac40b6bbc960ca145ee5be172d899447898247721","48ba571eb2d7d4afbbf70bc2ebba318c3566ea506b47f89312b27ed9deae292b"
"linked_list","linked_list","proof",109,109,true,"SIGNED_SOFTWARE_PLAN_BUILD_THEN_UNTOUCHED_VERO","2c93a6e6793170284203c4ffa898540d1cdbca457b693090cca911574a324fb0","e9ea6487b5ab2f00c23764def10f89231dd9206f545d524cb908f590823fd8ad","e252d9fa2b6872715bfc4156b29ffe61dc43e524f96e2315962bfc23b96874e6","212636bb6384aa108be3d1b1410d9159d86685383439777b4e50b796e0d033eb"
"munkres","munkres","codeproof",19,19,true,"SIGNED_SOFTWARE_PLAN_BUILD_THEN_UNTOUCHED_VERO","798e650cc8d7273626a62133f83f8a74fca8639cb972e645e9cbd1f7a20961fa","01183871bb09f3fdb7344e32ab3fbcd3e4bd119d7335e6714bd42432d4a570af","2bf618a01eea38cf68881908f013d918e5116f0dd4fd665108d37660b5427543","b4c147f1ab2ba234479fbf79ec5a1c4de5ddcd9dd141553a99c5c97d81f23ce1"
"netaddr","netaddr","proof",40,40,true,"SIGNED_SOFTWARE_PLAN_BUILD_THEN_UNTOUCHED_VERO","1dadf7fef55dae2c8b16ab53214952a67b1f14519bd50c9212e4eda0263674f7","26ec98710f2ba3f6680061a6ad72c1ef5d2a64f442f4be8a83d81d0e28a1bf25","945471f3a4f3e1001ea25f32ab517eb92c6ae04a1ae08bad43efbfd753ca1af2","a2d62d419e4b7494493bf5d67367bf95410b84338c19282b296b45e3e75fa3aa"
"networkx","networkx","proof",40,40,true,"SIGNED_SOFTWARE_PLAN_BUILD_THEN_UNTOUCHED_VERO","bfea64ff7bc90fac0ec4005212db8bb2640a2e12c61df9a4ccd5eb9d973b5480","6d1022122d9681202a1a927abc301be08d512d731bc0aed3f50be089000ce9e1","7a467dc911f9a758875a7b0ed34eb50c546c6bfb062855fb04cea98357f7e573","9425fed0b4ee8d9fad106c36238fc77842ea8130565ad135056bf1dd72fb9d4c"
"ntheory","ntheory","codeproof",62,62,true,"SIGNED_SOFTWARE_PLAN_BUILD_THEN_UNTOUCHED_VERO","a1fb5fe2a7a69e54dcf5f094caa6b7fc401025df8d6606de43c2540f9843a297","c48d6db2c6b395c006805a575cc8959ee1f5ed859ca6a4bd86d26c56c27da13c","be7cc4a0a8c26ed793117427b3c73463e66b4d2ff60c4409af8b0795e0e4e452","172c28e97eeb959093e83d44e7380ef46882861a08ec86d24769df9827624f56"
"packaging_version","packaging_version","proof",74,74,true,"SIGNED_SOFTWARE_PLAN_BUILD_THEN_UNTOUCHED_VERO","86feb497946beeda9a9da6449dfeb19c7f7483ceae4e63cd1d97209ae585daeb","371e5a086995504b2da65b7abf833a86c3b0be5a57024157afba592d155ddf91","e1b8c3272bd721d95ff978db0032246068558254ae279cd45670fa7272c0e81a","937b484fa15513031496be14c515f47b07976a2079da23675db7b624da417b28"
"piggybank","piggybank-v2","proof",23,23,true,"PINNED_UNTOUCHED_VERO_REPORT","c9873f44dac6981d72c4a19654637e78bb91493945384b5489d386e67f898c79","ee2e29f00c90916e3cf766e7cbe7b5d1a41ab0ee5afaac1d814e5714f7be4c64","",""
"portion","portion","proof",63,63,true,"SIGNED_SOFTWARE_PLAN_BUILD_THEN_UNTOUCHED_VERO","d3760c40ed27efe07146719ec1d818e93b89d4b334d3fce4495b334afb1733bb","657452f1fa0b13cd4762b7cd64f990851013a330755a8b95605ad5fb46d67ebe","665faccc84ebe73ba83928f344df90b25da5b4afd74462c3844f8753ef7ba5d7","ac9a958ca5cd87dc389ee91eacc34eea53c0c65ae7f6af9f1fa6dfadefd9f173"
"primefac","primefac","proof",56,56,true,"SIGNED_SOFTWARE_PLAN_BUILD_THEN_UNTOUCHED_VERO","0743e1139b4795af0b90bedca7edc5e93c7d632a12911be4f8eea46bc4ad12e7","00277ed1028ad314c26d19426f2c7e13281b868a1766124cd2af5f855c2484c5","d66095695749a714f7036a8304de8d34455a7fee147ecf924dffcd5c4e8caa94","4a31fa37127de8d96db7ab099a767430eba6668ab687e03d21eb9c2d51ccd1b6"
"primepy","primepy","proof",9,9,true,"SIGNED_SOFTWARE_PLAN_BUILD_THEN_UNTOUCHED_VERO","f19c303af3ef801dd375f811caa5aaeea7882f89639fd69dca5e0b28e1b3e0f0","30101f07dd4a2f31dfbf90ce36bf4ff2e85f6df8e1e0e85b478a5052e63c67a9","c098da14079e60c3b9f3ddfc50ebbb2f68bae8f513300ac058c51840ba841cb0","6e379fca0a792e6475de801535edbddae184a6fade2ef6bd5db9061b17defd83"
"prolepticgregorian","prolepticgregorian","proof",61,61,true,"SIGNED_SOFTWARE_PLAN_BUILD_THEN_UNTOUCHED_VERO","011861b52ac3013876052b6d33b8fa215e3cd07db319d5928ee9b28b6b2c0980","644cc1434d57e33bc2e3d10977a7913e9f2ebaf5e1a494b72107d4cf596713b4","3cd1f296ed85c31c48b4b34ccfad0ffea9d6397e5ef4b2ff91908757506ae090","bc603a53a7d0cda95e98591101939472f509199d59310d14fe2eb8c24e0f37e3"
"pyradix","pyradix","proof",52,52,true,"SIGNED_SOFTWARE_PLAN_BUILD_THEN_UNTOUCHED_VERO","d9604755ac1a3209b583e9974127bb99f783ad2baf75951c41e787684cbd7de8","42ec9625d1cbfbbce564d1dcb4793bd779dd55a8d20ba2eec6ac470f6ccc23b5","e6f6dda2e5ea2c0c909712327f81dc2c207a35bb0e85a11d24dc6c75181f4132","01bc3e4a7a89b1755d9c6c96f3a8faaf22576e1db828082b62fe3a4b02d6a343"
"pythonconstraint","pythonconstraint","proof",20,20,true,"PINNED_UNTOUCHED_VERO_REPORT","19f05de1aba5f12ea8c25688a3accd4205503e7b9c237259791dc36fb670c567","8fe711a3df7bc43f248273cd0e1ca15eba1679056da47b3fa79b4a8d2d893537","",""
"reedsolo","reedsolo","proof",48,48,true,"SIGNED_SOFTWARE_PLAN_BUILD_THEN_UNTOUCHED_VERO","094525a5e5a37cf98d5e07aa825fa788fd2d1504bde694dffdce1dd4b12fa9b2","88405fd323672d1507e683039362387ad6249cc8ac5c87124ba8831bfb3cdd5b","e4102809d0b6e57b37765366a893720c0e1e2a0a70b8559e97bb69bc878bcd6f","e0541d11341ac23f211ad863a18d3fc59c203d7ec095d153dfff8cc798271718"
"rsa","rsa","proof",63,63,true,"SIGNED_SOFTWARE_PLAN_BUILD_THEN_UNTOUCHED_VERO","cf3798eecdcef2b6af05705272260c77253f3911ef1a1cb0e40d3a8fd357ea8c","620b846f0a6a5ff7af240962615770bd5eda1e59a6db7291733dd80062dd7065","5d50166b1dfc71299aa005d3a5254c02f532e7c90be68d4a234ee0abd4b64b64","f451eae2679344b84702f7d7ef39b682afb1fb9d4a2b90f08c05fbcfef833400"
"semver","semver","proof",53,53,true,"SIGNED_SOFTWARE_PLAN_BUILD_THEN_UNTOUCHED_VERO","0f692dc808818740e849202e716b77cb792de24fe86dd3d486f7e58caa8fa50a","7209ca30e71f670fee93942004c93111e7a3d3b92722deb9bd72a07c92b748d6","64d04bb88c8080adf22c27689da5a1f3f56d135c9fff4def58e219e00608b6ce","7d3296f81b490623c799b67cbde5a7849b102d074bcc2b53cabf99228a6f7f9b"
"sequences","sequences-v2","proof",84,84,true,"SIGNED_SOFTWARE_PLAN_BUILD_THEN_UNTOUCHED_VERO","4c7270d9fd8423fcc2eb6e454c21171b3186510141d7afef9be59e14830e830c","b3c7f21ab22fa1fb6c7fe964b5d9d0556bd7747d22cfd681ca323f38dea3268e","8b6ef45d363f61e097f61f12cfec9c94f26ee52b84ab4b3b550ad5bafb5d789d","48b1467b6b16d3c8edf35ba11cd22b4d5443130c0800e30312882470c3f46bec"
"sortedcontainers","sortedcontainers/core","codeproof",49,49,true,"SIGNED_SOFTWARE_PLAN_BUILD_THEN_UNTOUCHED_VERO","af8f5098863b0f1e66c122506a901b4c7d90dffef04b09ba405c50c8002ea8ca","fd7aa32d4b31e6b053ce7b780d1cfa6668e956541a517021ef46ff95b6eb3666","045ff7877491cf9fd096fc7de89e1e32c0dc63dae21488933bd3d2768a8f334d","ea2ed181eec4ae035afe751af083c864c6dd11c8b4824e3670f8393041137d59"
"textdistance","textdistance","proof",59,59,true,"SIGNED_SOFTWARE_PLAN_BUILD_THEN_UNTOUCHED_VERO","7b56a5fef6f3cb7a260de020e1e7ad5dda6d44a5c54dfca89a51900ecff397a9","f4eae230f55b388d84bb71b5c6d63fa23e37c31181bac81c6d931c88aae209cc","19548faff3a49a5a79ebdd133ee0979262731fa704a6d05b7c19eb78f4b11e89","810feb87e722e3ed468f738c5c2e3c29f67db968857a97b59cc2a38505e1bb6a"
"textwrap","textwrap","proof",60,60,true,"SIGNED_SOFTWARE_PLAN_BUILD_THEN_UNTOUCHED_VERO","15d65c221928eac50edf8467150cef9463b9e3bf347e8e6b0737f6aa96a5c3a6","5ffad2f6c4201fdc82586eb159aa6908139083e6e97f99988dee75a881872bcd","7446404c71ae8b2154d6dc37b825727c26e6252ee402e93b3164fe037468cf57","e8e3360aa356bdb396a06a0292d39f5b99e0222cf23e7857e843d83899ce22c3"
"toposort","toposort/sort","proof",15,15,true,"SIGNED_SOFTWARE_PLAN_BUILD_THEN_UNTOUCHED_VERO","60eca188a9db0e20035e239212a8c8f96b6a03115139db8b12ff0e6204204a92","3a9408b9b1ab48920236667bb48946bcef05657062aa00c02c05dd0378553995","b00bfac35c0281d7a532f0754a932144c2a21e421116a6e9c09f88449f5561d7","456e5b9786b078fd2204485f0e744026f8f41be6f42fc2fc4f0e266824d7cfb8"
"unicode","unicode-v2","proof",46,46,true,"SIGNED_SOFTWARE_PLAN_BUILD_THEN_UNTOUCHED_VERO","379c5561118786805b9b128665c66ac9accfaecd01840ec33716bfbf831454a6","a802e3e3d096c212ac052d3eb898db0077044c08bd6e562a73e0c7012bbc3bf3","c9078a7f8d2a5fd8041ce233a17378f786e3ca7de45167789336960c8988c9c8","0210e954a742b1d96272a9d4ea2a85927cf8955baeb9960cf50377952b6d04ec"
"verdict","verdict","codeproof",116,119,false,"SIGNED_SOFTWARE_PLAN_BUILD_THEN_UNTOUCHED_VERO","e4058f55242b03700b79e453625fdb46d37b6eee809dd22e877d48cd3cc799a2","e4b306fbf3dae1b617c1f3efce8b1220f8d56f92faeedf748eedfb59771585bf","8bb0d8093dc9d4b54ceed40a084858f1ba2dc08e391bda1af207a09b794503cc","dfe0c52333c2fb750d86447216d522966a47bff8329246c03d9c01107e08e827"
"verified_bitmasks","verified-bitmasks","proof",124,124,true,"SIGNED_SOFTWARE_PLAN_BUILD_THEN_UNTOUCHED_VERO","7c8fe3d65c7c7380d9c67e2e731ba44054e90b5874eb05d8ed66c9ec3c74a955","bac2609c33f9b7eb82a604c2ee688daa6cda77132508af8dd24435b432da5b38","f229e8f0147c9d0e18ddcdeb259a26a1cb4f15a697442ac5af5bae9708aca5f6","f40cea871b42418aa413f7aa8482aee5bf8153be1d811dbbac32a0191844badb"
"verified_ironkv","verified_ironkv","proof",22,22,true,"SIGNED_SOFTWARE_PLAN_BUILD_THEN_UNTOUCHED_VERO","9a46a8b7fb53c5a2af57c994ef592717fe65c18a4c74a5ec3ccafce0aec45d13","969e8b10252dd097efa189a189fb403977ba493ee212f28bcff4e8cdea4e0aa8","30c1cec70805be5e2c9405977b2556479ec73991a8acc723298e4e707d8d1c02","2ec9387950064bb59477be4a0e9006d3e14049d2a88a41c787c2b95695545aec"
"vest","vest_v2","proof",42,42,true,"SIGNED_SOFTWARE_PLAN_BUILD_THEN_UNTOUCHED_VERO","34cdbcf6fd13edb9f6967327a3dab41308dc7356c2d06ba647c61c857f4f8ed3","bac1b0b536b7654f34fafdba93694b2c1610bc5c7f6cf73465ca7b75411228d9","ded536d09977c9614f705514b4cf28bec35c948fb4f219e77147ce55ae6bc1d1","59f4dcb5a2dd447cbdb0dd9026bd36f6679b305070c02db5eff1a33636e25590"
